year,p0,p1,p2,p3,p4,p5,p6,p7,p8,p9,p10,p11,p12,p13,p14,p15,p16,p17,p18,p19,p20,p21,p22,p23,p24,p25,p26,p27,p28,p29,p30,p31,p32,p33,p34,p35,p36,p37,p38,p39,p40,p41,p42,p43,p44,p45,p46,p47,p48,p49,p50,p51,p52,p53,p54,p55,p56,p57,p58,p59,p60,p61,p62,p63,p64,p65,p66,p67,p68,p69,p70,p71,p72,p73,p74,p75,p76,p77,p78,p79,p80,p81,p82,p83,p84,p85,p86,p87,p88,p89,p90,p91,p92,p93,p94,p95,p96,p97,p98,p99,p100
2020,.917,.94800001,.97600001,1,1.027,1.053,1.079,1.099,1.115,1.194,1.072,.97100002,.94,.94,.90799999,.833,.74299997,.67900002,.68699998,.745,.74000001,.69,.648,.59799999,.55800003,.52999997,.477,.48300001,.56699997,.67400002,.71799999,.70999998,.72299999,.73900002,.71499997,.69700003,.68900001,.699,.69599998,.69700003,.65899998,.58399999,.55800003,.579,.565,.52200001,.50599998,.47999999,.46399999,.48500001,.472,.43599999,.40000001,.405,.39700001,.38499999,.36700001,.31600001,.29300001,.292,.28299999,.255,.25099999,.25,.25799999,.234,.205,.171,.149,.142,.149,.121,.090999998,.064000003,.048999999,.050000001,.039000001,.030999999,.024,.014,.0099999998,.015,.015,.014,.0099999998,.011,.0060000001,.0070000002,.0070000002,.0060000001,.0040000002,.003,.0020000001,.001,.001,0,0,0,0,0,0
2021,.85799998,.88800001,.91600001,.94099998,.95899999,.97899997,.99800003,1.017,1.033,1.046,1.1210001,1,.898,.86500001,.86699998,.83499998,.76099998,.67400002,.61400002,.62800002,.68900001,.68699998,.63999999,.60000002,.55500001,.51999998,.495,.44600001,.45500001,.542,.64999998,.69700003,.69,.70599997,.722,.69999999,.68199998,.676,.68599999,.68300003,.68300003,.64499998,.56999999,.54400003,.56599998,.55199999,.509,.493,.46700001,.44999999,.47099999,.458,.42300001,.38800001,.39300001,.384,.37099999,.35299999,.303,.27900001,.28,.271,.244,.23999999,.23899999,.245,.222,.193,.15899999,.138,.132,.138,.11,.083999999,.057999998,.043000001,.044,.033,.026000001,.021,.012,.0089999996,.013,.013,.011,.0089999996,.0089999996,.0060000001,.0060000001,.0060000001,.0040000002,.003,.0020000001,.001,.001,0,0,0,0,0,0
2022,.80199999,.83099997,.85699999,.88200003,.89999998,.91000003,.92400002,.93699998,.95200002,.963,.97399998,1.049,.92500001,.82300001,.792,.79299998,.764,.69300002,.60799998,.55500001,.57300001,.63599998,.63700002,.59200001,.55599999,.51599997,.484,.463,.417,.42899999,.51800001,.62900001,.67699999,.67299998,.69,.70599997,.68400002,.66799998,.662,.67199999,.66900003,.66900003,.63099998,.55699998,.53200001,.55299997,.54000002,.49599999,.479,.454,.43799999,.45699999,.44400001,.41100001,.37599999,.38,.37200001,.35800001,.34,.28999999,.26899999,.26899999,.259,.23199999,.227,.226,.23199999,.20900001,.18099999,.149,.12800001,.122,.127,.101,.077,.050999999,.037,.037999999,.028000001,.023,.018999999,.011,.0089999996,.011,.011,.0099999998,.0070000002,.0070000002,.0049999999,.0040000002,.0040000002,.003,.003,.001,.001,.001,0,0,0,0,0
2023,.75300002,.79799998,.829,.85600001,.88,.89899999,.91000003,.92299998,.93699998,.95099998,.96200001,.97299999,1.0470001,.92500001,.82300001,.79000002,.79299998,.76200002,.69099998,.60600001,.55299997,.57099998,.634,.63499999,.59100002,.55400002,.514,.48199999,.461,.41600001,.42699999,.51599997,.62699997,.67500001,.67000002,.68599999,.70300001,.68199998,.66500002,.65899998,.66900003,.66600001,.66500002,.62699997,.55299997,.528,.54799998,.53500003,.491,.47499999,.449,.433,.45100001,.43799999,.40599999,.37,.37400001,.36500001,.35100001,.333,.28400001,.26199999,.26199999,.252,.22499999,.22,.21699999,.22400001,.20100001,.17399999,.141,.121,.114,.119,.094999999,.071000002,.046999998,.034000002,.034000002,.025,.02,.017000001,.0089999996,.0070000002,.0099999998,.0089999996,.0080000004,.0060000001,.0049999999,.003,.003,.003,.003,.001,.001,.001,0,0,0,0,0
2024,.74599999,.75099999,.79799998,.82800001,.85399997,.87900001,.89700001,.90799999,.92199999,.935,.94999999,.96200001,.97299999,1.0470001,.92400002,.82099998,.78899997,.79100001,.76099998,.68900001,.60500002,.551,.56900001,.63200003,.63300002,.58899999,.55199999,.51200002,.48100001,.46000001,.41499999,.426,.514,.62400001,.67199999,.66799998,.68400002,.69999999,.67799997,.66100001,.65499997,.66500002,.66100001,.662,.62300003,.54900002,.52399999,.54400003,.52999997,.486,.47,.44400001,.428,.44600001,.43200001,.39899999,.36399999,.368,.35800001,.345,.32499999,.27700001,.25600001,.25400001,.245,.21799999,.213,.20900001,.214,.192,.164,.134,.114,.108,.111,.088,.064999998,.043000001,.030999999,.030999999,.023,.017000001,.014,.0080000004,.0060000001,.0080000004,.0070000002,.0070000002,.0040000002,.0049999999,.003,.003,.003,.0020000001,.001,.001,0,0,0,0,0
2025,.74000001,.74299997,.74900001,.796,.82700002,.85399997,.87800002,.89700001,.90799999,.921,.935,.94999999,.95999998,.972,1.045,.92299998,.81999999,.78799999,.78899997,.759,.68699998,.60399997,.55000001,.56800002,.63,.63099998,.58700001,.551,.51099998,.47999999,.45899999,.41299999,.42500001,.51300001,.62199998,.66900003,.66500002,.68000001,.69700003,.67500001,.65799999,.65200001,.66100001,.65700001,.65799999,.61900002,.54500002,.51899999,.53899997,.52499998,.48100001,.465,.43900001,.421,.44,.426,.39300001,.35800001,.361,.35100001,.33700001,.31799999,.27000001,.249,.248,.237,.20999999,.205,.20200001,.205,.183,.156,.126,.107,.1,.103,.081,.059999999,.039000001,.028000001,.027000001,.02,.015,.013,.0070000002,.0049999999,.0060000001,.0060000001,.0049999999,.0040000002,.0040000002,.0020000001,.0020000001,.001,.001,.001,0,0,0,0,0
2026,.73500001,.73699999,.74199998,.74800003,.796,.82599998,.852,.87800002,.89600003,.90700001,.921,.935,.949,.95999998,.97100002,1.045,.92199999,.81900001,.78600001,.787,.75700003,.685,.602,.54799998,.56599998,.62800002,.63099998,.58499998,.54900002,.50999999,.47799999,.45699999,.412,.42300001,.51099998,.62,.667,.662,.67799997,.69400001,.67199999,.65499997,.648,.65700001,.653,.65200001,.61299998,.54000002,.51499999,.53399998,.51899999,.47600001,.45899999,.43399999,.41600001,.433,.419,.38600001,.35100001,.354,.34400001,.329,.31,.26300001,.242,.23999999,.228,.20200001,.19599999,.192,.19599999,.17399999,.147,.118,.1,.092,.093999997,.074000001,.054000001,.035,.025,.024,.017000001,.013,.011,.0060000001,.0040000002,.0060000001,.0049999999,.0040000002,.003,.003,.001,.001,.001,.001,0,0,0,0,0
2027,.736,.73199999,.736,.741,.74699998,.79500002,.82599998,.852,.87599999,.89499998,.90700001,.92000002,.93300003,.94800001,.958,.97000003,1.043,.92000002,.81699997,.78399998,.78500003,.755,.68300003,.60000002,.546,.56400001,.62699997,.62900001,.583,.54699999,.50800002,.47600001,.45500001,.41100001,.42199999,.509,.61699998,.66399997,.66000003,.67400002,.69,.66799998,.65100002,.64499998,.653,.64899999,.648,.60900003,.53600001,.50999999,.52899998,.514,.47099999,.45300001,.42699999,.41,.42699999,.412,.38,.34400001,.34599999,.336,.32100001,.30199999,.255,.234,.23100001,.22,.19400001,.18700001,.183,.185,.164,.138,.11,.093000002,.085000001,.086000003,.067000002,.048999999,.030999999,.022,.021,.015,.012,.0089999996,.0049999999,.0040000002,.0040000002,.0040000002,.0040000002,.003,.0020000001,.001,.001,.001,0,0,0,0,0
2028,.74299997,.73299998,.73199999,.73500001,.74000001,.74699998,.79400003,.824,.852,.87599999,.89399999,.90600002,.91900003,.93300003,.94700003,.958,.96799999,1.041,.91799998,.815,.78200001,.78299999,.75300002,.68099999,.59899998,.546,.56300002,.625,.62699997,.58200002,.546,.50599998,.47499999,.454,.40900001,.41999999,.50700003,.61400002,.66100001,.65600002,.671,.68599999,.66500002,.64700001,.63999999,.648,.64399999,.64300001,.60399997,.53100002,.505,.523,.50800002,.465,.447,.42199999,.40400001,.41999999,.40400001,.373,.338,.338,.32699999,.31299999,.292,.24699999,.227,.223,.211,.185,.17900001,.17399999,.176,.153,.12899999,.103,.085000001,.078000002,.078000002,.059999999,.043000001,.027000001,.017999999,.017999999,.013,.0099999998,.0080000004,.0040000002,.0020000001,.003,.003,.003,.001,.001,.001,.001,0,0,0,0,0
2029,.74900001,.74000001,.73199999,.73000002,.73400003,.74000001,.74599999,.79299998,.824,.85000002,.87599999,.89399999,.90499997,.91900003,.93199998,.94599998,.95599997,.96600002,1.039,.91600001,.81300002,.77999997,.78100002,.75099999,.68000001,.597,.54400003,.56199998,.62300003,.625,.58099997,.54400003,.505,.47400001,.45300001,.40700001,.41800001,.505,.61199999,.65799999,.653,.667,.68300003,.66100001,.64399999,.63599998,.64399999,.639,.63800001,.59899998,.52600002,.5,.51700002,.50199997,.45899999,.44100001,.41499999,.39700001,.412,.39700001,.36500001,.329,.33000001,.31900001,.303,.28400001,.23899999,.21799999,.214,.20200001,.177,.169,.16500001,.16500001,.14399999,.12,.094999999,.078000002,.07,.07,.052999999,.037999999,.024,.016000001,.015,.0099999998,.0080000004,.0060000001,.003,.0020000001,.003,.003,.001,.001,.001,0,0,0,0,0,0
2030,.75700003,.74599999,.73799998,.73199999,.73000002,.73400003,.73900002,.745,.79299998,.82300001,.85000002,.87400001,.89399999,.90499997,.917,.93099999,.94499999,.95499998,.96399999,1.0369999,.91399997,.81099999,.778,.77999997,.74900001,.67900002,.59500003,.542,.56,.62099999,.62300003,.579,.54299998,.50300002,.472,.45100001,.40599999,.417,.50300002,.60900003,.65499997,.64899999,.66500002,.67900002,.65600002,.639,.63200003,.639,.63300002,.63200003,.59200001,.52100003,.49399999,.51099998,.49599999,.45300001,.435,.40799999,.38999999,.40400001,.389,.35600001,.32100001,.32100001,.30899999,.294,.27399999,.23,.20999999,.205,.192,.167,.16,.155,.154,.133,.11,.086000003,.071000002,.063000001,.061999999,.046999998,.033,.021,.013,.013,.0080000004,.0060000001,.0049999999,.0020000001,.0020000001,.0020000001,.001,.001,.001,.001,0,0,0,0,0
2031,.76499999,.75400001,.745,.73799998,.73000002,.72899997,.73199999,.73799998,.745,.792,.82300001,.85000002,.87400001,.89200002,.90399998,.917,.92900002,.94300002,.95300001,.96200001,1.034,.91100001,.80900002,.77600002,.778,.74699998,.67699999,.59299999,.54100001,.55800003,.61900002,.62099999,.57700002,.54100001,.50099999,.47,.449,.405,.41499999,.50099999,.60699999,.65200001,.64600003,.66000003,.67500001,.65200001,.63499999,.62699997,.634,.62800002,.625,.58700001,.514,.48899999,.505,.48800001,.44600001,.42699999,.40099999,.38299999,.396,.38,.347,.31299999,.31299999,.30000001,.28400001,.264,.221,.20100001,.19499999,.182,.15800001,.15000001,.145,.14399999,.123,.101,.078000002,.063000001,.056000002,.055,.041000001,.028999999,.017999999,.011,.011,.0070000002,.0049999999,.0040000002,.0020000001,.0020000001,.001,.001,.001,0,0,0,0,0,0
2032,.77399999,.76300001,.75300002,.74400002,.736,.73000002,.72799999,.73199999,.73799998,.74400002,.792,.82200003,.84899998,.87400001,.89200002,.903,.91500002,.92799997,.94099998,.95200002,.95999998,1.0319999,.90899998,.80699998,.77399999,.77600002,.745,.67500001,.59299999,.53899997,.55699998,.61699998,.61900002,.57499999,.53899997,.5,.46799999,.447,.403,.41299999,.498,.60299999,.648,.64200002,.65600002,.671,.648,.62900001,.62099999,.62800002,.62199998,.61900002,.57999998,.509,.48199999,.498,.48100001,.43799999,.41999999,.39300001,.375,.38600001,.37,.338,.30399999,.303,.29100001,.27399999,.25299999,.211,.192,.185,.17200001,.148,.14,.134,.132,.113,.092,.07,.057,.048999999,.048,.035,.025,.015,.0099999998,.0089999996,.0060000001,.0040000002,.003,.0020000001,0,.001,.001,.001,0,0,0,0,0
2033,.78600001,.77200001,.76099998,.75199997,.74400002,.736,.72899997,.72799999,.73199999,.73699999,.74299997,.79100001,.82200003,.84799999,.87300003,.88999999,.90100002,.91399997,.92699999,.94,.949,.958,1.029,.90700001,.80500001,.773,.773,.74299997,.67299998,.59100002,.537,.55500001,.616,.61699998,.57300001,.537,.498,.46599999,.44499999,.40099999,.412,.495,.60000002,.64499998,.63800001,.65200001,.66600001,.64300001,.62400001,.616,.62300003,.616,.61299998,.57300001,.50199997,.47499999,.49000001,.47299999,.43000001,.412,.38600001,.36700001,.377,.36000001,.329,.296,.294,.27900001,.26199999,.243,.20200001,.182,.176,.162,.138,.131,.124,.122,.103,.082999997,.063000001,.050000001,.044,.041999999,.029999999,.021,.012,.0080000004,.0070000002,.0040000002,.003,.003,.001,0,.001,0,0,0,0,0,0
2034,.79699999,.78399998,.77100003,.75999999,.75099999,.74199998,.736,.72799999,.727,.73100001,.73699999,.74299997,.79000002,.82099998,.84799999,.87199998,.88999999,.90100002,.91299999,.92500001,.93800002,.94700003,.95599997,1.027,.90499997,.80299997,.77100003,.77100003,.741,.671,.58899999,.537,.55299997,.61400002,.61500001,.57099998,.53500003,.49599999,.46399999,.44299999,.39899999,.41,.493,.59600002,.63999999,.63499999,.64700001,.66100001,.63800001,.61900002,.611,.616,.61000001,.60500002,.56599998,.495,.46799999,.48300001,.465,.42199999,.403,.37799999,.35699999,.36700001,.34999999,.31900001,.28600001,.28299999,.26899999,.252,.23100001,.192,.17200001,.16500001,.15099999,.12899999,.12,.114,.11,.093000002,.074000001,.056000002,.044,.037,.035,.025,.017000001,.0099999998,.0060000001,.0049999999,.0040000002,.003,.001,0,0,0,0,0,0,0,0
2035,.80299997,.79400003,.78299999,.76899999,.759,.75,.74199998,.73400003,.72799999,.72600001,.73000002,.736,.74299997,.79000002,.81999999,.847,.87099999,.88800001,.89899999,.91100001,.92299998,.93599999,.94499999,.954,1.025,.90200001,.80199999,.76899999,.76899999,.73900002,.66900003,.58700001,.53500003,.551,.61199999,.61299998,.56900001,.53299999,.493,.46200001,.442,.39700001,.40700001,.49000001,.59299999,.63700002,.63,.64300001,.65499997,.63200003,.61299998,.60399997,.60900003,.602,.59799999,.55800003,.48800001,.461,.47400001,.456,.414,.39500001,.368,.34799999,.35699999,.34,.30899999,.27500001,.27200001,.25799999,.23999999,.22,.182,.162,.154,.141,.119,.111,.104,.098999999,.082999997,.064999998,.048,.037999999,.030999999,.029999999,.021,.014,.0080000004,.0040000002,.0040000002,.0020000001,.0020000001,.001,0,0,0,0,0,0,0
2036,.81099999,.80000001,.79400003,.78200001,.76899999,.759,.75,.74199998,.73400003,.72799999,.72600001,.73000002,.736,.74199998,.79000002,.81900001,.84600002,.87,.88599998,.89700001,.90899998,.921,.93400002,.94300002,.95200002,1.022,.89999998,.80000001,.76700002,.76700002,.73699999,.66799998,.58600003,.53299999,.55000001,.61000001,.611,.56699997,.52999997,.49200001,.461,.44,.39500001,.405,.48800001,.58899999,.63300002,.62599999,.63800001,.64999998,.62699997,.60699999,.597,.602,.59500003,.58899999,.55000001,.47999999,.45300001,.465,.447,.405,.38499999,.359,.338,.34599999,.329,.29699999,.26499999,.25999999,.24600001,.228,.208,.171,.15099999,.14399999,.13,.109,.101,.093999997,.089000002,.072999999,.057,.041000001,.032000002,.027000001,.025,.017000001,.011,.0070000002,.0040000002,.003,.0020000001,.001,.001,0,0,0,0,0,0
2037,.82099998,.80800003,.79799998,.79299998,.78100002,.76800001,.75800002,.74900001,.74000001,.73400003,.727,.72600001,.73000002,.73500001,.741,.78799999,.81900001,.84399998,.86799997,.88599998,.89499998,.90700001,.91799998,.93099999,.94099998,.94999999,1.02,.898,.79799998,.76499999,.76499999,.73500001,.66600001,.58399999,.53200001,.54799998,.60799998,.60799998,.56400001,.528,.49000001,.45899999,.43799999,.39399999,.403,.484,.58600003,.62800002,.62099999,.63300002,.64399999,.62,.60000002,.59100002,.59500003,.58700001,.58200002,.542,.47299999,.44499999,.456,.43700001,.39500001,.375,.34900001,.32800001,.33500001,.317,.285,.25400001,.249,.234,.21600001,.19499999,.16,.141,.133,.119,.098999999,.090000004,.083999999,.079000004,.064000003,.048999999,.035,.028000001,.022,.021,.014,.0080000004,.0049999999,.0020000001,.0020000001,.0020000001,.001,0,0,0,0,0,0
2038,.82499999,.81900001,.80800003,.79799998,.792,.78100002,.76700002,.75700003,.74800003,.74000001,.73400003,.72600001,.72600001,.73000002,.73500001,.741,.78799999,.81699997,.84299999,.866,.884,.89300001,.90399998,.91600001,.92900002,.93800002,.94800001,1.017,.89600003,.796,.76300001,.764,.73299998,.66399997,.58200002,.52999997,.546,.60600001,.60600001,.56199998,.52600002,.48800001,.45699999,.435,.39199999,.40099999,.48100001,.58099997,.62300003,.61500001,.62599999,.63800001,.61400002,.59299999,.583,.58700001,.579,.57200003,.53200001,.463,.43599999,.44600001,.42699999,.38499999,.36500001,.33899999,.31799999,.32300001,.30500001,.27399999,.243,.237,.221,.20299999,.183,.149,.131,.122,.108,.089000002,.081,.074000001,.068999998,.056000002,.041000001,.028999999,.022,.017999999,.016000001,.011,.0070000002,.003,.0020000001,.0020000001,.001,0,0,0,0,0,0
2039,.82700002,.82200003,.81800002,.80599999,.79699999,.79100001,.77899998,.76700002,.75700003,.74800003,.74000001,.73199999,.72600001,.72399998,.72799999,.73400003,.73900002,.78600001,.81599998,.84200001,.86400002,.88099998,.89200002,.90200001,.91399997,.92699999,.93599999,.94499999,1.015,.89399999,.79400003,.76099998,.76200002,.73199999,.662,.57999998,.528,.54400003,.60399997,.60399997,.56,.52399999,.486,.454,.433,.38800001,.398,.47799999,.57599998,.61799997,.61000001,.62099999,.63099998,.60699999,.58600003,.57599998,.57800001,.56999999,.56300002,.523,.454,.42699999,.43599999,.41600001,.375,.354,.32800001,.30599999,.31,.292,.26199999,.23100001,.22400001,.208,.19,.17,.138,.12,.111,.097999997,.079999998,.071999997,.064999998,.059999999,.046999998,.035,.025,.018999999,.014,.013,.0080000004,.0049999999,.003,.0020000001,.001,0,0,0,0,0,0
2040,.829,.824,.82099998,.81599998,.80599999,.796,.79100001,.77899998,.76700002,.75599998,.74800003,.74000001,.73199999,.72600001,.72399998,.72799999,.73299998,.73900002,.78500003,.815,.83999997,.86299998,.87900001,.889,.90100002,.912,.92500001,.93400002,.94300002,1.012,.89099997,.792,.759,.75999999,.73000002,.66000003,.579,.52700001,.542,.60100001,.60100001,.55699998,.52100003,.48199999,.45100001,.43000001,.38600001,.39500001,.47400001,.57200003,.61299998,.60399997,.61400002,.62400001,.60000002,.579,.56800002,.56999999,.56,.55299997,.51300001,.44400001,.417,.42500001,.40400001,.36300001,.34299999,.31600001,.294,.29800001,.27900001,.249,.21799999,.212,.19499999,.177,.15700001,.127,.109,.101,.088,.07,.063000001,.057,.050999999,.039999999,.028999999,.021,.015,.011,.0099999998,.0060000001,.003,.0020000001,.001,.001,0,0,0,0,0
2041,.83099997,.82599998,.82300001,.81999999,.81599998,.80500001,.796,.79000002,.77899998,.76599997,.75599998,.74800003,.73900002,.73199999,.72500002,.72399998,.727,.73199999,.73699999,.78399998,.81300002,.838,.861,.87800002,.88700002,.89899999,.91100001,.92299998,.93199998,.94099998,1.01,.889,.79000002,.75599998,.75700003,.72799999,.65799999,.57700002,.52499998,.54000002,.59899998,.59899998,.55500001,.51899999,.47999999,.44800001,.42699999,.38299999,.39199999,.47,.56699997,.60600001,.59799999,.60699999,.61699998,.59100002,.57099998,.55900002,.56099999,.55000001,.542,.50099999,.43399999,.40700001,.41299999,.39300001,.352,.331,.30399999,.28200001,.28400001,.266,.236,.206,.198,.182,.164,.145,.115,.098999999,.090000004,.078000002,.061999999,.055,.048,.044,.033,.024,.016000001,.012,.0089999996,.0080000004,.0049999999,.003,.0020000001,0,0,0,0,0,0
2042,.829,.82800001,.82499999,.82200003,.81999999,.81599998,.80400002,.79500002,.78899997,.77899998,.76499999,.75599998,.74699998,.73799998,.73199999,.72399998,.722,.72600001,.73100001,.736,.78200001,.81199998,.83700001,.85900003,.87599999,.88499999,.89700001,.90899998,.921,.93000001,.93900001,1.007,.88700002,.787,.75400001,.755,.72399998,.65499997,.57499999,.52200001,.53799999,.59600002,.59600002,.55199999,.51599997,.477,.44600001,.42399999,.38100001,.389,.46700001,.56099999,.60000002,.59200001,.60000002,.60900003,.58399999,.56199998,.55000001,.551,.53899997,.53100002,.49000001,.42399999,.39500001,.40099999,.38100001,.34,.31799999,.292,.27000001,.27000001,.25099999,.222,.193,.185,.168,.15099999,.132,.105,.089000002,.079999998,.068000004,.054000001,.046999998,.041000001,.035999998,.027000001,.018999999,.013,.0089999996,.0070000002,.0049999999,.003,.0020000001,.001,0,0,0,0,0
2043,.82499999,.82700002,.82700002,.824,.82200003,.81800002,.81400001,.80400002,.79500002,.78899997,.77700001,.76499999,.755,.74599999,.73799998,.73000002,.72399998,.722,.72600001,.73000002,.73500001,.78100002,.81,.83499998,.85699999,.87400001,.88300002,.89499998,.90700001,.91799998,.92699999,.93599999,1.005,.88499999,.78500003,.75199997,.75300002,.722,.653,.57200003,.51999998,.53600001,.59299999,.59299999,.55000001,.51300001,.47400001,.44299999,.42199999,.37799999,.38600001,.46200001,.55599999,.59299999,.58399999,.59200001,.60000002,.574,.55299997,.54000002,.54000002,.52899998,.51899999,.47799999,.412,.38499999,.389,.36700001,.32600001,.30500001,.27900001,.257,.25600001,.237,.208,.18000001,.171,.154,.13699999,.12,.093999997,.078000002,.07,.059,.046,.039999999,.034000002,.028999999,.022,.015,.0099999998,.0070000002,.0049999999,.0040000002,.003,.001,0,0,0,0,0
2044,.81900001,.82200003,.82599998,.82599998,.824,.81999999,.81800002,.81400001,.80299997,.79400003,.78899997,.77700001,.76499999,.755,.74599999,.73799998,.73000002,.722,.72000003,.72399998,.72799999,.73400003,.77899998,.80800003,.833,.85600001,.87199998,.88200003,.89300001,.90399998,.917,.92500001,.93400002,1.002,.88200003,.78299999,.75,.75,.71899998,.65100002,.56999999,.51800001,.53399998,.58999997,.58999997,.546,.50999999,.47099999,.43900001,.41800001,.37400001,.38299999,.45699999,.55000001,.58600003,.57700002,.58399999,.59200001,.565,.54400003,.52999997,.52899998,.51700002,.505,.46599999,.40099999,.373,.375,.354,.31400001,.292,.266,.243,.242,.222,.19400001,.167,.15800001,.142,.124,.106,.082999997,.068999998,.059999999,.050999999,.039000001,.033,.028000001,.024,.017000001,.012,.0080000004,.0049999999,.003,.003,.0020000001,.001,0,0,0,0
2045,.81,.81800002,.81999999,.82499999,.82599998,.82200003,.81999999,.81800002,.81400001,.80299997,.79400003,.78799999,.77700001,.764,.75400001,.745,.736,.72899997,.722,.72000003,.722,.727,.73199999,.778,.80699998,.83099997,.85399997,.87,.88,.89099997,.90200001,.91500002,.92299998,.93199998,1,.88,.78100002,.74699998,.74800003,.71700001,.648,.56800002,.51499999,.53100002,.58700001,.58700001,.54299998,.50599998,.46700001,.43599999,.41499999,.37099999,.37799999,.45199999,.54299998,.579,.56900001,.57499999,.58200002,.55500001,.53299999,.51899999,.51700002,.50400001,.493,.45199999,.38800001,.36000001,.361,.34,.30000001,.278,.25299999,.23,.226,.207,.17900001,.153,.14399999,.12800001,.111,.094999999,.072999999,.059999999,.052000001,.041999999,.032000002,.026000001,.023,.018999999,.014,.0089999996,.0049999999,.003,.003,.0020000001,.001,0,0,0,0
2046,.80199999,.80800003,.81599998,.81999999,.824,.824,.82200003,.81999999,.81699997,.81300002,.80199999,.79299998,.787,.77700001,.76300001,.75400001,.74400002,.736,.72799999,.72000003,.71799999,.72100002,.72600001,.73100001,.77600002,.80500001,.82999998,.852,.86900002,.87800002,.889,.89999998,.91299999,.92000002,.92900002,.99699998,.87699997,.778,.745,.74400002,.71399999,.64499998,.565,.51300001,.52700001,.58399999,.583,.53899997,.50300002,.46399999,.43200001,.41,.36700001,.37400001,.447,.537,.57099998,.56,.56699997,.57099998,.54500002,.52200001,.50800002,.505,.491,.479,.43799999,.375,.34599999,.347,.324,.28600001,.264,.23800001,.21600001,.211,.192,.16500001,.141,.13,.115,.097999997,.082999997,.063000001,.052000001,.044,.035,.026000001,.021,.017999999,.015,.0099999998,.0060000001,.0049999999,.003,.0020000001,.001,.001,0,0,0
2047,.792,.79900002,.80699998,.81599998,.81900001,.824,.824,.82200003,.81900001,.81599998,.81300002,.80199999,.79299998,.787,.77499998,.76300001,.75300002,.74400002,.73400003,.727,.71899998,.71700001,.72000003,.72399998,.72899997,.77399999,.80299997,.82800001,.85000002,.86699998,.87599999,.88700002,.898,.91000003,.91799998,.926,.99400002,.875,.77600002,.74199998,.741,.71200001,.64200002,.56199998,.50999999,.52499998,.57999998,.579,.53500003,.49900001,.46000001,.42899999,.40599999,.36399999,.37,.44100001,.52899998,.56199998,.55199999,.55699998,.56099999,.53399998,.50999999,.49599999,.491,.477,.46399999,.42399999,.361,.333,.331,.31,.27000001,.249,.22400001,.20100001,.19599999,.177,.15099999,.127,.117,.102,.086999997,.071999997,.054000001,.043000001,.035999998,.028999999,.021,.017000001,.013,.011,.0080000004,.0049999999,.003,.0020000001,.001,.001,0,0,0
2048,.77899998,.79000002,.79799998,.80699998,.815,.81800002,.82300001,.824,.82099998,.81800002,.81599998,.81199998,.80199999,.79299998,.787,.77499998,.76200002,.75199997,.74199998,.73400003,.72600001,.71700001,.71499997,.71899998,.72299999,.72799999,.77399999,.80199999,.82599998,.84899998,.86500001,.87400001,.88499999,.89600003,.90799999,.91600001,.92299998,.99000001,.87199998,.77200001,.74000001,.73900002,.708,.63999999,.56,.50700003,.52200001,.57700002,.57499999,.53100002,.49399999,.45500001,.42399999,.403,.36000001,.36500001,.43599999,.52200001,.55400002,.542,.546,.54900002,.52200001,.498,.48199999,.477,.463,.449,.40799999,.347,.31900001,.31600001,.29300001,.255,.234,.20900001,.18700001,.18000001,.161,.13699999,.115,.104,.090000004,.075999998,.061000001,.046,.037,.029999999,.024,.016000001,.014,.0099999998,.0089999996,.0060000001,.003,.0020000001,.001,.001,0,0,0
2049,.76899999,.77700001,.78899997,.79699999,.80500001,.81400001,.81800002,.82200003,.82300001,.81999999,.81800002,.81599998,.81199998,.801,.792,.78600001,.77499998,.76099998,.75,.74199998,.73199999,.72500002,.71700001,.71499997,.71700001,.72100002,.727,.77200001,.80000001,.824,.847,.86299998,.87199998,.88300002,.89300001,.90499997,.91299999,.92000002,.98699999,.86799997,.76899999,.73699999,.736,.70499998,.63599998,.55599999,.50400001,.51899999,.57300001,.57099998,.52600002,.49000001,.45199999,.41999999,.398,.35499999,.36000001,.42899999,.51300001,.54400003,.53200001,.53500003,.53799999,.50999999,.486,.46900001,.463,.447,.433,.39199999,.33199999,.30399999,.30000001,.27700001,.23999999,.219,.19400001,.17200001,.16500001,.146,.123,.102,.092,.078000002,.064999998,.052000001,.039000001,.029999999,.024,.018999999,.013,.0099999998,.0070000002,.0060000001,.0040000002,.003,.001,.001,0,0,0
2050,.75700003,.76800001,.77600002,.78799999,.79699999,.80500001,.81300002,.81699997,.82200003,.82200003,.81999999,.81800002,.81599998,.81199998,.801,.79100001,.78500003,.773,.75999999,.75,.74000001,.73100001,.72299999,.71499997,.713,.71600002,.72000003,.72500002,.76999998,.79799998,.82300001,.84500003,.861,.86900002,.88099998,.89099997,.90200001,.91000003,.91799998,.98400003,.86500001,.76700002,.73299998,.73199999,.70099998,.63300002,.55299997,.50099999,.514,.56800002,.56599998,.52100003,.48500001,.447,.41499999,.39300001,.34999999,.35600001,.42300001,.50400001,.53399998,.52200001,.523,.52499998,.49700001,.472,.45500001,.44800001,.43099999,.41499999,.37599999,.317,.289,.28299999,.25999999,.22400001,.20299999,.178,.15700001,.149,.132,.109,.090000004,.079999998,.067000002,.055,.044,.032000002,.024,.018999999,.014,.0099999998,.0080000004,.0060000001,.0040000002,.003,.0020000001,.001,0,0,0
2051,.74699998,.75599998,.76700002,.77499998,.787,.796,.80500001,.81300002,.81699997,.82200003,.82200003,.81999999,.81800002,.815,.81099999,.80000001,.79100001,.78500003,.773,.759,.74800003,.73900002,.72899997,.722,.71399999,.71200001,.71399999,.71899998,.72399998,.76899999,.79699999,.82099998,.84299999,.85900003,.86799997,.87800002,.88800001,.89899999,.90700001,.91399997,.98000002,.86199999,.76300001,.73000002,.72799999,.69800001,.62900001,.55000001,.49700001,.51099998,.56300002,.56099999,.51700002,.47999999,.442,.41,.38800001,.345,.34999999,.41600001,.495,.523,.50999999,.51099998,.51200002,.484,.45699999,.44,.43200001,.41499999,.398,.359,.301,.27200001,.266,.243,.208,.18700001,.164,.14300001,.134,.117,.096000001,.078000002,.068000004,.057,.046,.035999998,.026000001,.018999999,.015,.011,.0080000004,.0060000001,.0040000002,.003,.0020000001,.001,0,0,0
2052,.73799998,.74599999,.75400001,.76599997,.77499998,.787,.79500002,.80500001,.81300002,.81699997,.82099998,.82200003,.81999999,.81699997,.81400001,.81,.79900002,.78899997,.78299999,.77100003,.75800002,.74699998,.73699999,.72899997,.72000003,.71200001,.70999998,.71399999,.71799999,.722,.76700002,.79500002,.81900001,.84100002,.85600001,.866,.87599999,.88599998,.89700001,.90399998,.91100001,.97600001,.85799998,.75999999,.72600001,.72399998,.69300002,.625,.54500002,.49399999,.50599998,.55800003,.55599999,.51099998,.47499999,.43700001,.405,.382,.34,.34400001,.40799999,.48500001,.51200002,.498,.498,.498,.46900001,.44299999,.42500001,.41499999,.398,.38,.34,.285,.25600001,.249,.226,.192,.171,.148,.12800001,.12,.103,.083999999,.067000002,.057999998,.048,.037999999,.028999999,.021,.015,.012,.0080000004,.0060000001,.0040000002,.003,.003,.001,0,0,0
2053,.72799999,.73500001,.74400002,.75400001,.76599997,.77399999,.78600001,.79500002,.80299997,.81199998,.81599998,.82099998,.82200003,.81900001,.81599998,.81400001,.81,.79900002,.78899997,.78299999,.76999998,.75599998,.74599999,.73699999,.727,.71899998,.71200001,.70899999,.71200001,.71600002,.72000003,.76499999,.79299998,.81699997,.83999997,.85500002,.86299998,.87300003,.88300002,.89399999,.90100002,.90799999,.972,.85500002,.75599998,.72299999,.72100002,.69,.62099999,.542,.49000001,.50300002,.55299997,.55000001,.50599998,.47,.43099999,.39899999,.37599999,.33399999,.33899999,.40000001,.47499999,.5,.48500001,.484,.48300001,.454,.42699999,.40799999,.398,.37900001,.361,.322,.26800001,.23999999,.23100001,.208,.176,.155,.133,.114,.105,.090000004,.071999997,.057,.048,.039000001,.030999999,.023,.016000001,.011,.0089999996,.0060000001,.0040000002,.003,.0020000001,.001,.001,0,0
2054,.71799999,.72600001,.73500001,.74400002,.75300002,.764,.77399999,.78600001,.79500002,.80299997,.81099999,.81599998,.81999999,.82099998,.81900001,.81599998,.81300002,.80900002,.79699999,.787,.78100002,.76800001,.755,.745,.73500001,.72600001,.71799999,.70999998,.708,.70999998,.71399999,.72000003,.764,.79100001,.81599998,.83700001,.85299999,.86000001,.87,.88099998,.88999999,.89700001,.90399998,.96799999,.85000002,.75199997,.71799999,.71600002,.685,.616,.537,.48500001,.498,.54799998,.54400003,.5,.463,.42399999,.39300001,.37099999,.329,.33199999,.391,.46399999,.48699999,.472,.47,.46700001,.43799999,.41100001,.39199999,.38,.36000001,.34200001,.303,.25,.223,.214,.19,.16,.139,.119,.1,.092,.077,.061000001,.046999998,.039999999,.032000002,.024,.017999999,.012,.0089999996,.0060000001,.0040000002,.003,.0020000001,.001,.001,0,0
2055,.713,.71600002,.72500002,.73299998,.74299997,.75300002,.764,.77399999,.78500003,.79400003,.80299997,.81099999,.815,.81999999,.82099998,.81800002,.815,.81199998,.80800003,.79699999,.78600001,.77999997,.76800001,.75400001,.74299997,.73400003,.72399998,.71600002,.70899999,.70700002,.70899999,.713,.71799999,.76200002,.79000002,.81400001,.83499998,.85000002,.85699999,.86699998,.87699997,.88700002,.89399999,.89999998,.963,.84600002,.74800003,.71399999,.71100003,.68000001,.611,.53200001,.48199999,.493,.542,.53799999,.493,.45699999,.41800001,.38699999,.36399999,.322,.32499999,.38299999,.45100001,.47400001,.458,.45500001,.45100001,.421,.39399999,.373,.361,.34099999,.322,.28400001,.234,.206,.19599999,.17299999,.14300001,.124,.105,.088,.078000002,.064999998,.050999999,.039000001,.032000002,.025,.018999999,.014,.0089999996,.0070000002,.0040000002,.003,.0020000001,.001,.001,0,0
2056,.70700002,.71100003,.71499997,.72500002,.73299998,.74299997,.75199997,.764,.77200001,.78500003,.79400003,.80299997,.81099999,.815,.81999999,.81999999,.81699997,.815,.81099999,.80699998,.79500002,.78500003,.778,.76599997,.75300002,.74199998,.73199999,.72399998,.71499997,.70700002,.70499998,.70700002,.71100003,.71600002,.75999999,.78799999,.81099999,.833,.847,.85500002,.86400002,.87400001,.884,.889,.89600003,.958,.84100002,.74299997,.70999998,.70599997,.67500001,.60600001,.52700001,.47600001,.48699999,.53600001,.53100002,.48699999,.449,.41100001,.37900001,.35699999,.31600001,.31799999,.373,.43900001,.45899999,.44299999,.43900001,.43399999,.40400001,.37599999,.35600001,.34200001,.32100001,.301,.264,.215,.189,.17900001,.156,.12800001,.11,.092,.075000003,.067000002,.055,.043000001,.030999999,.026000001,.018999999,.015,.0099999998,.0070000002,.0040000002,.003,.0020000001,.001,.001,0,0
2057,.70099998,.70599997,.71100003,.71499997,.72399998,.73299998,.74199998,.75199997,.764,.77200001,.78399998,.79299998,.80299997,.81099999,.815,.81900001,.81900001,.81699997,.81300002,.81,.80500001,.79400003,.78399998,.77700001,.76499999,.75199997,.741,.73199999,.722,.71399999,.70700002,.70300001,.70700002,.70999998,.71499997,.75800002,.78600001,.80900002,.82999998,.84399998,.852,.861,.87099999,.88,.88599998,.89099997,.95200002,.83600003,.73799998,.70499998,.69999999,.66799998,.60100001,.523,.47099999,.48199999,.52899998,.523,.47999999,.44299999,.40400001,.37200001,.34900001,.30899999,.31,.36399999,.426,.44499999,.428,.42300001,.417,.38600001,.35800001,.33700001,.322,.301,.28,.243,.198,.17200001,.16,.139,.113,.096000001,.079000004,.064000003,.056000002,.045000002,.035,.025,.02,.015,.011,.0070000002,.0040000002,.003,.003,.001,.001,0,0
2058,.69700003,.69800001,.70499998,.70999998,.71399999,.72299999,.73299998,.741,.75099999,.76300001,.77200001,.78399998,.79299998,.80199999,.81099999,.81400001,.81800002,.81900001,.815,.81300002,.80900002,.80400002,.792,.78200001,.77600002,.764,.75,.74000001,.73000002,.72100002,.713,.70499998,.70200002,.70499998,.70899999,.713,.75700003,.78399998,.80699998,.82800001,.84100002,.84899998,.85699999,.866,.87599999,.88099998,.88599998,.94599998,.82999998,.73299998,.699,.69499999,.66299999,.59600002,.51599997,.465,.47600001,.52100003,.51599997,.472,.435,.396,.36399999,.34200001,.30000001,.30199999,.352,.41299999,.43000001,.412,.405,.398,.36700001,.33899999,.317,.30199999,.28,.259,.22400001,.17900001,.155,.14399999,.122,.098999999,.082999997,.067000002,.054000001,.046999998,.037,.027000001,.02,.016000001,.011,.0080000004,.0060000001,.003,.003,.001,.001,0,0
2059,.69300002,.69400001,.69800001,.704,.70999998,.71399999,.72299999,.73199999,.741,.75099999,.76300001,.77200001,.78399998,.79299998,.801,.80900002,.81300002,.81699997,.81699997,.815,.81099999,.80800003,.80299997,.792,.78100002,.77499998,.76300001,.75,.73799998,.72899997,.71899998,.71100003,.70300001,.70099998,.70300001,.70700002,.71100003,.755,.78100002,.80400002,.824,.83899999,.84500003,.85399997,.86299998,.87199998,.87599999,.88099998,.94,.82499999,.72799999,.69300002,.68900001,.65700001,.58899999,.51099998,.46000001,.46900001,.514,.50800002,.46399999,.42699999,.38800001,.35600001,.333,.29300001,.29300001,.34200001,.398,.41299999,.39500001,.38800001,.37799999,.34799999,.31900001,.29699999,.28099999,.259,.23800001,.20299999,.162,.138,.126,.108,.085000001,.07,.056000002,.044,.037,.029999999,.022,.016000001,.011,.0080000004,.0060000001,.0040000002,.003,.001,.001,0,0
2060,.69099998,.69199997,.69400001,.69800001,.704,.70999998,.71399999,.72299999,.73100001,.741,.75099999,.76300001,.77200001,.78399998,.792,.801,.80900002,.81300002,.81699997,.81699997,.81300002,.81,.80599999,.80199999,.79000002,.78100002,.773,.76200002,.74800003,.73699999,.727,.71799999,.70999998,.70200002,.69999999,.70200002,.70499998,.70899999,.75199997,.77899998,.80199999,.82099998,.83600003,.84200001,.85000002,.85799998,.86699998,.87099999,.875,.93400002,.81900001,.722,.68699998,.68099999,.64899999,.583,.505,.454,.46200001,.505,.498,.454,.417,.38,.34799999,.32499999,.285,.28400001,.33000001,.384,.396,.37799999,.36899999,.359,.32800001,.29899999,.27700001,.25999999,.23800001,.21600001,.184,.145,.122,.111,.092,.071999997,.059999999,.046,.035999998,.029999999,.023,.016000001,.011,.0080000004,.0060000001,.0040000002,.003,.001,.001,0,0
2061,.68800002,.69,.69,.69400001,.69599998,.704,.708,.71200001,.722,.73100001,.741,.75099999,.76200002,.77200001,.78299999,.792,.80000001,.80900002,.81099999,.815,.815,.81199998,.80900002,.80599999,.80000001,.78899997,.77899998,.77200001,.75999999,.74599999,.73500001,.72600001,.71700001,.708,.69999999,.69800001,.69999999,.70300001,.70700002,.75,.77600002,.79900002,.81800002,.83200002,.83899999,.84600002,.85399997,.86199999,.866,.86900002,.926,.81199998,.71499997,.68099999,.67500001,.64200002,.57499999,.49700001,.44600001,.454,.49700001,.49000001,.44600001,.40900001,.37,.33899999,.315,.27599999,.27500001,.31799999,.368,.38,.359,.34900001,.338,.30700001,.27900001,.25600001,.23800001,.21699999,.19599999,.164,.12899999,.107,.094999999,.078000002,.061000001,.048999999,.037999999,.028000001,.024,.017999999,.013,.0080000004,.0070000002,.0040000002,.003,.001,.001,0,0
2062,.68699998,.68599999,.68900001,.69,.69300002,.69599998,.70300001,.708,.71200001,.722,.73100001,.741,.75099999,.76200002,.76999998,.78200001,.79100001,.80000001,.80699998,.81099999,.815,.81400001,.81099999,.80800003,.80400002,.79900002,.787,.778,.77100003,.759,.745,.73500001,.72500002,.71499997,.70599997,.699,.69599998,.69800001,.70099998,.70499998,.74800003,.77399999,.79500002,.815,.82800001,.83399999,.84200001,.84899998,.85600001,.86000001,.86199999,.91900003,.80500001,.70899999,.67400002,.667,.634,.56800002,.491,.43900001,.44600001,.48699999,.47999999,.43599999,.398,.36000001,.329,.30599999,.26699999,.264,.30599999,.35100001,.361,.34099999,.33000001,.317,.28600001,.25799999,.235,.21799999,.19599999,.175,.146,.112,.092,.081,.066,.050000001,.039999999,.029999999,.022,.017999999,.013,.0099999998,.0060000001,.0040000002,.003,.001,.001,0,0
2063,.68800002,.68599999,.68599999,.68800002,.69,.69199997,.69599998,.70300001,.708,.71200001,.722,.73100001,.74000001,.75,.76200002,.76999998,.78200001,.79000002,.79799998,.80599999,.81,.81400001,.81400001,.81,.80599999,.80299997,.79900002,.787,.77600002,.76999998,.75800002,.74400002,.73299998,.72299999,.71399999,.70499998,.69700003,.69400001,.69499999,.699,.70300001,.745,.77100003,.792,.81099999,.824,.82999998,.83700001,.84299999,.85100001,.85299999,.85600001,.91100001,.79699999,.70200002,.66600001,.65899998,.62599999,.56,.48300001,.43099999,.43799999,.47799999,.46900001,.42500001,.38800001,.34999999,.31900001,.296,.257,.255,.292,.33500001,.34200001,.322,.31,.296,.26499999,.237,.215,.19599999,.175,.155,.127,.097000003,.079000004,.068000004,.055,.041000001,.032000002,.024,.017000001,.013,.0099999998,.0070000002,.0040000002,.003,.001,.001,.001,0
2064,.68599999,.68599999,.68400002,.685,.68800002,.68900001,.69199997,.69599998,.70200002,.708,.71200001,.722,.73000002,.73900002,.74900001,.76099998,.76999998,.78200001,.79000002,.79799998,.80599999,.80800003,.81199998,.81199998,.80900002,.80500001,.801,.79699999,.78500003,.77600002,.76800001,.75599998,.74299997,.73199999,.722,.71200001,.70300001,.69499999,.69300002,.69400001,.69700003,.69999999,.74199998,.76800001,.78899997,.80800003,.81999999,.82599998,.83200002,.838,.84500003,.847,.84899998,.90200001,.78899997,.69400001,.65799999,.64999998,.61699998,.551,.47499999,.42300001,.42899999,.46799999,.45899999,.41499999,.377,.34,.308,.285,.24699999,.243,.278,.317,.322,.30199999,.28799999,.273,.244,.21600001,.19400001,.176,.155,.13600001,.11,.082999997,.067000002,.057,.045000002,.033,.025,.017999999,.013,.0099999998,.0070000002,.0040000002,.003,.0020000001,.001,.001,0
2065,.68800002,.68400002,.68599999,.68400002,.685,.68699998,.68900001,.69199997,.69499999,.70200002,.708,.71200001,.722,.73000002,.73900002,.74900001,.76099998,.76899999,.77999997,.78899997,.79699999,.80400002,.80800003,.81099999,.81099999,.80699998,.80400002,.801,.796,.78399998,.77399999,.76700002,.755,.741,.73000002,.72000003,.70999998,.70099998,.69300002,.69,.69199997,.69400001,.69800001,.74000001,.764,.78500003,.80299997,.81599998,.82099998,.82599998,.83200002,.838,.83899999,.84100002,.89300001,.78100002,.68599999,.64999998,.63999999,.60699999,.542,.46599999,.41600001,.41999999,.456,.447,.403,.36500001,.32800001,.29800001,.27399999,.236,.23199999,.26300001,.29899999,.303,.28099999,.26800001,.252,.223,.19599999,.17399999,.156,.13600001,.117,.093999997,.07,.055,.046,.035999998,.026000001,.02,.014,.0099999998,.0070000002,.0049999999,.003,.0020000001,.001,.001,0
2066,.68699998,.68599999,.68400002,.685,.68300003,.68400002,.68699998,.68800002,.69099998,.69499999,.70200002,.70700002,.71200001,.72100002,.73000002,.73900002,.74900001,.75999999,.76800001,.77999997,.78799999,.796,.80299997,.80699998,.81,.80900002,.80699998,.80299997,.79900002,.79400003,.78200001,.773,.76499999,.75300002,.74000001,.72799999,.71799999,.70899999,.69999999,.69199997,.68800002,.69,.69199997,.69499999,.736,.76099998,.78100002,.80000001,.81099999,.815,.81999999,.82599998,.83099997,.83200002,.83200002,.88300002,.77100003,.67699999,.63999999,.63099998,.597,.53200001,.456,.40599999,.41,.44499999,.43399999,.38999999,.35299999,.31600001,.285,.26100001,.226,.22,.249,.28099999,.28200001,.26100001,.24600001,.23,.20100001,.176,.154,.13699999,.118,.1,.079000004,.057999998,.045000002,.037999999,.028000001,.02,.014,.011,.0070000002,.0049999999,.0040000002,.003,.001,.001,0
2067,.68599999,.68599999,.68599999,.68300003,.685,.68300003,.68300003,.68699998,.68800002,.69099998,.69499999,.70200002,.70700002,.71100003,.72000003,.72899997,.73799998,.74800003,.759,.76700002,.77899998,.787,.79500002,.80199999,.80500001,.80900002,.80900002,.80500001,.80199999,.79799998,.79400003,.78100002,.77100003,.76499999,.75199997,.73799998,.727,.71700001,.70700002,.69800001,.69,.68599999,.68699998,.68900001,.69199997,.73299998,.75800002,.77700001,.79500002,.80500001,.81,.815,.81900001,.824,.82300001,.824,.87199998,.76200002,.66799998,.63099998,.62,.58600003,.52200001,.447,.396,.40000001,.43200001,.42199999,.37799999,.34099999,.30399999,.27399999,.25,.214,.208,.234,.26300001,.26199999,.23999999,.22499999,.208,.18000001,.155,.13500001,.119,.101,.083999999,.066,.048,.035999998,.028999999,.022,.015,.011,.0080000004,.0049999999,.0040000002,.003,.001,.001,0
2068,.68800002,.68400002,.685,.685,.68300003,.685,.68300003,.68300003,.68699998,.68699998,.69099998,.69499999,.70099998,.70700002,.71100003,.72000003,.72799999,.73799998,.74699998,.759,.76700002,.77700001,.78500003,.79299998,.801,.80400002,.80699998,.80699998,.80400002,.80000001,.796,.792,.77999997,.76899999,.76300001,.75,.736,.72500002,.71499997,.70499998,.69599998,.68699998,.68300003,.685,.68599999,.68900001,.72899997,.75300002,.773,.79000002,.80000001,.80299997,.80699998,.81099999,.815,.815,.81300002,.86199999,.75099999,.65700001,.62,.60900003,.57499999,.50999999,.43599999,.38600001,.389,.419,.40799999,.36399999,.32699999,.29100001,.26100001,.237,.20200001,.19599999,.21799999,.243,.241,.219,.204,.18700001,.161,.13600001,.117,.102,.085000001,.07,.054000001,.037999999,.028000001,.023,.017000001,.011,.0080000004,.0049999999,.0040000002,.003,.001,.001,0
2069,.68300003,.68599999,.68400002,.68400002,.685,.68199998,.685,.68300003,.68300003,.68699998,.68699998,.69099998,.69499999,.70099998,.70599997,.70999998,.72000003,.72799999,.73699999,.74599999,.75700003,.76499999,.77700001,.78500003,.792,.80000001,.80299997,.80599999,.80599999,.80199999,.79900002,.796,.79100001,.77899998,.76800001,.76099998,.74800003,.73500001,.72299999,.713,.70200002,.69400001,.685,.68099999,.68199998,.68400002,.685,.72500002,.74800003,.76800001,.78399998,.79400003,.79699999,.801,.80299997,.80699998,.80599999,.80400002,.85000002,.74000001,.64700001,.60900003,.59799999,.56300002,.49900001,.42500001,.37599999,.377,.405,.39300001,.34999999,.31299999,.27700001,.248,.22400001,.19,.183,.20200001,.22400001,.22,.198,.183,.16599999,.14,.119,.1,.086000003,.071000002,.057999998,.043000001,.029999999,.022,.017000001,.012,.0080000004,.0049999999,.0040000002,.003,.001,.001,0
2070,.68000001,.68199998,.685,.68400002,.68400002,.68400002,.68099999,.68400002,.68300003,.68300003,.68599999,.68699998,.69099998,.69400001,.70099998,.70599997,.70999998,.71899998,.72799999,.736,.74599999,.75599998,.764,.77600002,.78399998,.792,.79900002,.80199999,.80599999,.80400002,.80199999,.79799998,.79400003,.78899997,.77700001,.76599997,.75999999,.74699998,.73299998,.72100002,.71100003,.70099998,.69099998,.68199998,.67799997,.67900002,.68099999,.68199998,.72100002,.74400002,.76300001,.778,.78799999,.78899997,.79299998,.79500002,.79699999,.79500002,.79299998,.83600003,.727,.63599998,.59799999,.58499998,.551,.48699999,.414,.36399999,.36399999,.391,.37799999,.336,.29899999,.264,.234,.211,.178,.17,.18700001,.204,.199,.178,.162,.146,.122,.101,.083999999,.071000002,.057999998,.046999998,.034000002,.024,.017000001,.012,.0080000004,.0060000001,.0040000002,.003,.001,.001,0
2071,.67799997,.67900002,.68099999,.685,.68300003,.68300003,.68400002,.68099999,.68300003,.68099999,.68300003,.685,.68699998,.69099998,.69300002,.70099998,.70499998,.70899999,.71799999,.727,.736,.74400002,.75599998,.764,.77399999,.78200001,.79000002,.79799998,.80000001,.80400002,.80400002,.80000001,.79699999,.79299998,.787,.77600002,.76499999,.75800002,.745,.73100001,.72000003,.70899999,.699,.68900001,.68000001,.67500001,.676,.676,.67900002,.71700001,.73900002,.75700003,.77200001,.78100002,.78299999,.78500003,.78600001,.78799999,.78399998,.77999997,.82300001,.71499997,.62300003,.58499998,.57099998,.53600001,.47400001,.40200001,.352,.35100001,.37599999,.36199999,.31999999,.28400001,.249,.22,.197,.16599999,.15700001,.171,.185,.17900001,.15800001,.14300001,.126,.105,.086000003,.07,.059,.046999998,.035999998,.026000001,.017999999,.012,.0089999996,.0070000002,.0040000002,.003,.001,.001,0
2072,.67400002,.676,.67799997,.68099999,.68400002,.68300003,.68300003,.68300003,.68099999,.68300003,.68099999,.68300003,.685,.68699998,.68900001,.69300002,.69999999,.70499998,.70899999,.71799999,.72600001,.73500001,.74400002,.75400001,.76200002,.77399999,.78200001,.78899997,.796,.80000001,.80299997,.80299997,.79900002,.79500002,.79100001,.78600001,.77399999,.76300001,.75599998,.74299997,.72799999,.71700001,.70700002,.69599998,.68599999,.67699999,.67199999,.67199999,.67299998,.67400002,.71200001,.73400003,.75099999,.76499999,.773,.77499998,.77600002,.77700001,.77700001,.773,.76800001,.80800003,.70099998,.61000001,.57200003,.55699998,.523,.46000001,.389,.34,.338,.36000001,.34599999,.30399999,.26899999,.234,.206,.183,.153,.14399999,.155,.16599999,.15899999,.139,.124,.108,.089000002,.071999997,.057999998,.046999998,.037,.028999999,.02,.013,.0089999996,.0070000002,.0040000002,.003,.001,.001,0
2073,.67199999,.67400002,.67500001,.67799997,.68000001,.68400002,.68300003,.68300003,.68300003,.68099999,.68300003,.68099999,.68199998,.685,.68699998,.68900001,.69300002,.699,.70499998,.708,.71700001,.72500002,.73299998,.74299997,.75300002,.76099998,.773,.78100002,.78799999,.79500002,.79900002,.80199999,.801,.79699999,.79400003,.79000002,.78399998,.77200001,.76099998,.75400001,.741,.727,.71499997,.704,.69300002,.68300003,.67400002,.66900003,.66799998,.66799998,.66900003,.70599997,.72799999,.74400002,.75800002,.76499999,.76499999,.76599997,.76599997,.76599997,.76099998,.755,.792,.68599999,.597,.55800003,.542,.50700003,.44600001,.375,.32699999,.324,.34400001,.329,.287,.252,.219,.192,.169,.14,.13,.139,.148,.14,.121,.107,.092,.074000001,.059,.046999998,.037999999,.028999999,.022,.015,.0089999996,.0070000002,.0040000002,.003,.001,.001,.001
2074,.66799998,.67199999,.67299998,.67500001,.67699999,.67900002,.68300003,.68199998,.68300003,.68300003,.68099999,.68300003,.68099999,.68199998,.685,.68599999,.68900001,.69300002,.699,.70300001,.70700002,.71600002,.72500002,.73299998,.741,.75300002,.76099998,.77100003,.77899998,.787,.79500002,.79699999,.801,.79900002,.796,.792,.78799999,.78200001,.77100003,.759,.75199997,.73900002,.72500002,.71200001,.70099998,.69,.68000001,.67000002,.66500002,.66399997,.66500002,.66500002,.70099998,.72100002,.73799998,.75099999,.75599998,.75599998,.75599998,.755,.75300002,.74800003,.741,.77499998,.671,.583,.54299998,.52600002,.491,.43000001,.361,.31299999,.30899999,.32800001,.31099999,.27000001,.236,.204,.177,.155,.127,.118,.125,.13,.121,.104,.090000004,.077,.059999999,.046999998,.037,.028999999,.022,.016000001,.011,.0070000002,.0040000002,.003,.001,.001,.001
2075,.662,.667,.671,.67299998,.67500001,.67699999,.67900002,.68300003,.68099999,.68300003,.68300003,.68099999,.68300003,.68099999,.68099999,.685,.685,.68900001,.69199997,.69800001,.70300001,.70599997,.71499997,.72299999,.73199999,.741,.75099999,.759,.77100003,.77899998,.78600001,.79299998,.796,.79900002,.79799998,.79400003,.79000002,.78600001,.78100002,.76899999,.75800002,.75,.73699999,.722,.70999998,.69800001,.68800002,.67699999,.66600001,.66100001,.66000003,.66000003,.66000003,.69499999,.71499997,.73000002,.74299997,.74800003,.74599999,.745,.74299997,.741,.73400003,.72500002,.759,.65499997,.56800002,.528,.50999999,.47400001,.414,.345,.29899999,.294,.31,.29300001,.25299999,.219,.18799999,.162,.14,.115,.104,.109,.113,.104,.088,.075000003,.063000001,.048999999,.037999999,.028999999,.022,.016000001,.012,.0080000004,.0049999999,.003,.0020000001,.001,.001
2076,.65799999,.66000003,.66600001,.671,.67199999,.67299998,.67699999,.67900002,.68300003,.68099999,.68300003,.68300003,.68000001,.68300003,.68099999,.68099999,.68400002,.685,.68800002,.69099998,.69700003,.70200002,.70599997,.71399999,.722,.73100001,.74000001,.75099999,.759,.76999998,.77700001,.78500003,.792,.79400003,.79799998,.796,.79299998,.78899997,.78500003,.77899998,.76599997,.755,.74699998,.73400003,.71899998,.70700002,.69599998,.68300003,.67400002,.66299999,.65700001,.65499997,.65399998,.65499997,.68900001,.708,.722,.73299998,.73799998,.736,.73299998,.73100001,.727,.71899998,.70899999,.73900002,.63800001,.551,.51099998,.49200001,.45699999,.39700001,.33000001,.28400001,.278,.292,.27399999,.236,.20200001,.17200001,.147,.127,.101,.093000002,.096000001,.097999997,.088,.074000001,.061999999,.050999999,.039000001,.028999999,.022,.016000001,.012,.0080000004,.0049999999,.0040000002,.0020000001,.001,.001
2077,.65600002,.65700001,.65899998,.66500002,.67000002,.671,.67299998,.67699999,.67900002,.68300003,.68099999,.68199998,.68300003,.68000001,.68199998,.68099999,.68099999,.68400002,.685,.68800002,.69,.69599998,.70200002,.704,.71399999,.722,.73000002,.74000001,.75,.75800002,.76800001,.77600002,.78399998,.79000002,.79400003,.796,.796,.79100001,.787,.78299999,.77700001,.764,.75300002,.745,.73100001,.71700001,.704,.69099998,.68000001,.66900003,.65799999,.653,.64999998,.64899999,.64899999,.68300003,.70099998,.71399999,.72399998,.72799999,.72500002,.72100002,.71700001,.71200001,.704,.69300002,.72100002,.61900002,.53399998,.49399999,.47400001,.43799999,.38,.31400001,.26800001,.26199999,.273,.25600001,.21799999,.186,.15700001,.132,.113,.089000002,.081,.082000002,.082999997,.074000001,.061000001,.050000001,.039999999,.029999999,.022,.016000001,.012,.0089999996,.0060000001,.0040000002,.0020000001,.001,.001
2078,.64899999,.65499997,.65700001,.65899998,.66500002,.66900003,.671,.67299998,.676,.67900002,.68300003,.68099999,.68199998,.68199998,.68000001,.68199998,.68000001,.68000001,.68300003,.68400002,.68599999,.69,.69599998,.69999999,.704,.713,.72000003,.73000002,.73799998,.74800003,.75599998,.76800001,.77499998,.78200001,.79000002,.792,.79500002,.79400003,.78899997,.78500003,.77999997,.77399999,.76099998,.75,.74199998,.72899997,.71399999,.70099998,.68800002,.67699999,.66600001,.65399998,.648,.64499998,.64300001,.64200002,.67500001,.69199997,.70499998,.713,.71700001,.71200001,.708,.70300001,.69700003,.68699998,.67500001,.699,.60100001,.51700002,.47600001,.45500001,.419,.36199999,.29800001,.25299999,.245,.25400001,.236,.2,.169,.142,.118,.1,.078000002,.07,.068999998,.068999998,.061000001,.048999999,.039000001,.032000002,.023,.016000001,.012,.0089999996,.0060000001,.0040000002,.003,.001,.001
2079,.64300001,.64899999,.65499997,.65700001,.65899998,.66500002,.66900003,.671,.67299998,.676,.67900002,.68300003,.68099999,.68099999,.68199998,.67900002,.68099999,.68000001,.68000001,.68199998,.68400002,.68599999,.68900001,.69499999,.69999999,.70300001,.71200001,.72000003,.72799999,.73699999,.74800003,.75599998,.76599997,.77399999,.78100002,.78799999,.79100001,.79299998,.792,.78799999,.78399998,.778,.773,.75999999,.74800003,.73900002,.72600001,.70899999,.69599998,.685,.67199999,.66100001,.64899999,.64200002,.639,.63700002,.63499999,.667,.68400002,.69499999,.704,.70499998,.69999999,.69400001,.68699998,.68099999,.66900003,.65600002,.67799997,.58099997,.498,.45699999,.43399999,.39899999,.34299999,.28,.237,.228,.235,.21699999,.18099999,.152,.126,.104,.086999997,.068000004,.059,.057999998,.056000002,.048999999,.039000001,.029999999,.024,.017000001,.012,.0089999996,.0060000001,.0040000002,.003,.001,.001
2080,.63499999,.64099997,.64700001,.653,.65600002,.65899998,.66500002,.66900003,.671,.67299998,.676,.67900002,.68300003,.68099999,.68099999,.68099999,.67900002,.68099999,.67900002,.68000001,.68199998,.68199998,.685,.68800002,.69499999,.699,.70300001,.71100003,.71899998,.727,.736,.74699998,.755,.76499999,.773,.77899998,.787,.78899997,.79100001,.79000002,.78600001,.78100002,.77700001,.76999998,.75700003,.745,.736,.722,.70599997,.69300002,.68000001,.667,.65600002,.64399999,.63700002,.63300002,.63099998,.62800002,.65899998,.67400002,.685,.69099998,.69199997,.68599999,.68000001,.67199999,.66299999,.65100002,.63599998,.65399998,.55900002,.477,.43700001,.414,.37799999,.324,.26300001,.22,.211,.21600001,.197,.164,.13600001,.111,.090999998,.075000003,.057,.050000001,.048,.045000002,.039000001,.029999999,.023,.018999999,.013,.0089999996,.0060000001,.0040000002,.003,.001,.001
2081,.62900001,.63300002,.64099997,.64700001,.653,.65499997,.65799999,.66500002,.66900003,.671,.67299998,.67500001,.67799997,.68199998,.68099999,.68099999,.68099999,.67799997,.68000001,.67799997,.67799997,.68099999,.68199998,.685,.68699998,.69300002,.699,.70099998,.71100003,.71899998,.727,.73500001,.745,.75300002,.764,.77100003,.77899998,.78500003,.787,.79000002,.78799999,.78399998,.77899998,.77399999,.76700002,.75300002,.74199998,.73299998,.71799999,.70300001,.68800002,.67500001,.66299999,.64999998,.63800001,.63099998,.62699997,.62300003,.62099999,.64999998,.66399997,.67400002,.67900002,.67900002,.671,.66399997,.65499997,.64499998,.63099998,.61500001,.63,.537,.45699999,.41600001,.39199999,.35600001,.30399999,.244,.20299999,.19400001,.197,.178,.146,.12,.097000003,.078000002,.063000001,.048999999,.041000001,.039000001,.035999998,.030999999,.023,.017000001,.013,.0089999996,.0060000001,.0040000002,.003,.001,.0020000001
2082,.62300003,.62699997,.63300002,.64099997,.64700001,.653,.65499997,.65799999,.66399997,.66900003,.671,.67299998,.67500001,.67799997,.68199998,.68000001,.68099999,.68099999,.67799997,.68000001,.67799997,.67799997,.68099999,.68099999,.68300003,.68699998,.69300002,.69700003,.70099998,.70899999,.71700001,.72500002,.73500001,.745,.75199997,.76300001,.76999998,.77700001,.78299999,.78600001,.78799999,.78600001,.78100002,.77600002,.77100003,.76499999,.75,.73900002,.72899997,.71499997,.69800001,.68400002,.671,.65799999,.64499998,.63200003,.625,.61900002,.61500001,.61199999,.64099997,.65399998,.66100001,.66600001,.66500002,.65600002,.64700001,.63700002,.62599999,.61000001,.59299999,.60500002,.514,.43599999,.39399999,.37,.33500001,.28400001,.227,.18799999,.177,.178,.15899999,.13,.105,.083999999,.067000002,.054000001,.039999999,.033,.030999999,.028000001,.023,.017000001,.013,.0089999996,.0060000001,.0040000002,.003,.001,.0020000001
2083,.61500001,.62099999,.62699997,.63300002,.63999999,.64600003,.653,.65499997,.65799999,.66399997,.66900003,.67000002,.67199999,.67500001,.67799997,.68099999,.68000001,.68000001,.68000001,.67799997,.68000001,.67699999,.67699999,.67900002,.68099999,.68300003,.68599999,.69199997,.69700003,.69999999,.708,.71600002,.72399998,.73299998,.74299997,.75099999,.76099998,.76800001,.77600002,.78200001,.78399998,.78500003,.78399998,.77899998,.77399999,.76899999,.76200002,.74699998,.73400003,.72500002,.70999998,.69300002,.67900002,.66600001,.65200001,.639,.62599999,.61699998,.61299998,.60699999,.60299999,.63,.64200002,.64899999,.65200001,.64999998,.63999999,.63,.61799997,.60600001,.58899999,.56999999,.579,.49000001,.414,.37200001,.34799999,.31200001,.26199999,.20900001,.17,.15899999,.15800001,.141,.113,.090999998,.071999997,.057,.044,.032000002,.027000001,.025,.022,.017999999,.013,.0089999996,.0060000001,.0040000002,.003,.001,.0020000001
2084,.61000001,.61400002,.62099999,.62599999,.63200003,.63999999,.64600003,.65200001,.65499997,.65799999,.66399997,.66799998,.67000002,.67199999,.67500001,.67699999,.68099999,.68000001,.68000001,.68000001,.67699999,.67900002,.67699999,.67699999,.67900002,.67900002,.68199998,.685,.69099998,.69599998,.699,.708,.71600002,.72399998,.73199999,.74199998,.75,.75999999,.76599997,.77399999,.77999997,.78100002,.78299999,.78200001,.77600002,.77100003,.76499999,.75700003,.74400002,.73100001,.72100002,.70599997,.68900001,.67400002,.66000003,.64600003,.63300002,.61900002,.61000001,.60399997,.59899998,.59299999,.61900002,.63,.63599998,.63800001,.634,.62300003,.611,.59799999,.58399999,.56599998,.54500002,.55199999,.465,.391,.34999999,.324,.28999999,.241,.19,.154,.142,.14,.124,.097999997,.077,.059999999,.046,.035999998,.026000001,.021,.018999999,.016000001,.013,.0089999996,.0060000001,.0049999999,.003,.001,.0020000001
2085,.60600001,.61000001,.61400002,.62,.62599999,.63200003,.63999999,.64600003,.65200001,.65499997,.65799999,.66399997,.66799998,.67000002,.67199999,.67400002,.67699999,.68099999,.67900002,.68000001,.67900002,.676,.67799997,.67500001,.676,.67799997,.67900002,.68199998,.68400002,.69,.69400001,.69800001,.70599997,.71399999,.722,.73000002,.741,.74800003,.75800002,.76499999,.77100003,.77700001,.77899998,.78100002,.77899998,.773,.76800001,.76099998,.75400001,.73900002,.72600001,.71600002,.70099998,.68400002,.66799998,.65399998,.639,.62599999,.61199999,.602,.59600002,.58899999,.583,.60799998,.61699998,.62199998,.62199998,.61699998,.60500002,.59200001,.57800001,.56199998,.542,.52100003,.52399999,.44,.368,.32699999,.301,.266,.221,.17200001,.138,.126,.123,.107,.083999999,.064000003,.048999999,.037999999,.028999999,.02,.016000001,.014,.012,.0089999996,.0060000001,.0049999999,.003,.0020000001,.0020000001
2086,.60000002,.60399997,.60799998,.61199999,.62,.62599999,.63200003,.63999999,.64600003,.65200001,.65399998,.65799999,.66399997,.66799998,.67000002,.67199999,.67400002,.676,.68000001,.67799997,.67799997,.67799997,.67500001,.67699999,.67500001,.67500001,.67799997,.67799997,.68000001,.68400002,.69,.69400001,.69700003,.70599997,.713,.72100002,.73000002,.74000001,.74699998,.75700003,.76300001,.76999998,.77600002,.77700001,.77899998,.77600002,.76999998,.76499999,.75800002,.75099999,.736,.722,.71100003,.69499999,.67799997,.662,.648,.63300002,.61799997,.60399997,.59399998,.58600003,.57999998,.57300001,.59600002,.60399997,.60600001,.60600001,.59899998,.58499998,.57099998,.55599999,.53799999,.51700002,.495,.495,.41299999,.34299999,.303,.27700001,.243,.2,.154,.122,.111,.107,.092,.071000002,.054000001,.039999999,.030999999,.023,.016000001,.012,.0099999998,.0089999996,.0060000001,.0049999999,.003,.0020000001,.0020000001
2087,.59399998,.60000002,.60399997,.60799998,.61199999,.62,.62599999,.63200003,.63999999,.64600003,.65200001,.65399998,.65700001,.66399997,.66799998,.67000002,.67199999,.67400002,.676,.68000001,.67799997,.67799997,.67799997,.67500001,.67699999,.67400002,.67400002,.67699999,.67799997,.68000001,.68300003,.68900001,.69300002,.69599998,.70499998,.71200001,.72000003,.72899997,.73900002,.745,.755,.76200002,.76800001,.77399999,.77499998,.77600002,.773,.76700002,.75999999,.755,.74599999,.73100001,.71700001,.70599997,.69,.67199999,.65600002,.63999999,.625,.61000001,.59500003,.58399999,.57599998,.56900001,.56099999,.583,.58899999,.59100002,.58899999,.57999998,.565,.55000001,.53200001,.514,.49200001,.46799999,.46399999,.38600001,.31900001,.27900001,.25299999,.221,.17900001,.13600001,.107,.094999999,.090999998,.077,.057999998,.043000001,.032000002,.024,.017000001,.012,.0089999996,.0080000004,.0060000001,.0049999999,.003,.0020000001,.0020000001
2088,.59100002,.59299999,.59899998,.60399997,.60799998,.61199999,.62,.62599999,.63200003,.63999999,.64600003,.65200001,.65399998,.65700001,.66299999,.66799998,.66900003,.67000002,.67400002,.676,.67900002,.67699999,.67699999,.67699999,.67400002,.676,.67400002,.67400002,.676,.676,.67900002,.68199998,.68800002,.69199997,.69499999,.70300001,.71100003,.71899998,.727,.73699999,.74299997,.75300002,.75999999,.76499999,.77100003,.77200001,.773,.76899999,.764,.75700003,.75,.741,.727,.71200001,.69999999,.68400002,.66600001,.64899999,.634,.61799997,.602,.58700001,.574,.56599998,.55800003,.54900002,.56900001,.574,.574,.56999999,.56099999,.54500002,.528,.509,.48899999,.465,.44100001,.43399999,.359,.29499999,.25600001,.229,.198,.16,.12,.093000002,.082000002,.077,.064000003,.048,.035,.026000001,.018999999,.013,.0089999996,.0060000001,.0049999999,.0040000002,.003,.0020000001,.0020000001
2089,.58700001,.58999997,.59299999,.59899998,.60399997,.60799998,.61199999,.62,.62599999,.63200003,.639,.64600003,.65200001,.65399998,.65600002,.66299999,.667,.66799998,.67000002,.67299998,.67500001,.67799997,.67699999,.67699999,.67699999,.67400002,.67500001,.67299998,.67299998,.676,.676,.67799997,.68099999,.68699998,.69099998,.69400001,.70300001,.70899999,.71700001,.72500002,.73500001,.74199998,.75099999,.75700003,.76300001,.76800001,.76899999,.76899999,.76599997,.759,.75300002,.745,.73699999,.72100002,.70599997,.69400001,.67799997,.65799999,.64200002,.625,.60900003,.59299999,.57599998,.56400001,.55500001,.54500002,.53600001,.55400002,.55699998,.55699998,.551,.53899997,.52200001,.50400001,.484,.463,.43799999,.412,.403,.331,.27000001,.23199999,.206,.177,.14,.104,.079000004,.068999998,.064000003,.052000001,.037999999,.028000001,.02,.014,.0099999998,.0060000001,.0049999999,.0040000002,.003,.0020000001,.0020000001
2090,.58200002,.58600003,.58899999,.59299999,.59799999,.60299999,.60699999,.61199999,.61900002,.625,.63099998,.63800001,.64600003,.65200001,.65399998,.65600002,.662,.66600001,.66799998,.67000002,.67199999,.67500001,.67799997,.67500001,.676,.676,.67299998,.67400002,.67199999,.67199999,.67500001,.67500001,.67699999,.68099999,.68599999,.69,.69300002,.70099998,.708,.71600002,.72399998,.73400003,.74000001,.74900001,.755,.75999999,.76499999,.76499999,.76599997,.76300001,.75599998,.74800003,.741,.73100001,.71499997,.69999999,.68800002,.67000002,.65100002,.63300002,.61699998,.60000002,.58399999,.56699997,.55400002,.54299998,.53299999,.52200001,.53899997,.54100001,.537,.53100002,.51800001,.49900001,.479,.45899999,.43599999,.40900001,.38299999,.37200001,.303,.244,.20900001,.183,.155,.122,.089000002,.066,.057999998,.052999999,.041999999,.029999999,.022,.015,.0099999998,.0080000004,.0049999999,.0040000002,.0020000001,.0020000001,.0020000001
2091,.57700002,.58099997,.58499998,.58899999,.59200001,.59799999,.60299999,.60699999,.61199999,.61900002,.625,.63099998,.63800001,.64499998,.65200001,.65399998,.65600002,.662,.66600001,.66799998,.66900003,.67199999,.67299998,.67699999,.67500001,.67500001,.67500001,.67199999,.67400002,.67199999,.671,.67400002,.67500001,.67699999,.67900002,.685,.68900001,.69199997,.69999999,.70599997,.71399999,.722,.73100001,.73699999,.74699998,.75199997,.75700003,.76200002,.76200002,.76300001,.75800002,.75099999,.74299997,.73500001,.72600001,.70899999,.69400001,.68099999,.66299999,.64300001,.625,.60799998,.58999997,.57300001,.55599999,.54100001,.52999997,.51999998,.509,.523,.52200001,.51800001,.50999999,.49599999,.47499999,.454,.43099999,.40799999,.382,.354,.34,.27500001,.22,.185,.161,.13500001,.105,.075000003,.056000002,.046999998,.041999999,.034000002,.023,.016000001,.012,.0080000004,.0049999999,.0040000002,.0020000001,.001,.0020000001
2092,.57599998,.57700002,.58099997,.58499998,.58899999,.59100002,.59799999,.60299999,.60699999,.611,.61900002,.625,.63099998,.63800001,.64399999,.64999998,.65399998,.65600002,.662,.66600001,.667,.66900003,.671,.67299998,.67699999,.67500001,.67500001,.67400002,.67199999,.67299998,.671,.671,.67299998,.67299998,.67500001,.67799997,.68400002,.68800002,.69,.69800001,.70599997,.713,.72100002,.72899997,.736,.74400002,.74900001,.755,.759,.759,.75800002,.75400001,.74699998,.73900002,.73000002,.72000003,.70200002,.68599999,.67299998,.65499997,.634,.616,.59799999,.57999998,.56199998,.54400003,.52999997,.51800001,.505,.493,.505,.50400001,.498,.48800001,.47099999,.44999999,.428,.405,.38,.35299999,.324,.308,.248,.197,.164,.14,.116,.089000002,.063000001,.046,.037999999,.033,.026000001,.017999999,.012,.0080000004,.0049999999,.0040000002,.0020000001,.001,.0020000001
2093,.574,.57499999,.57599998,.58099997,.58499998,.58899999,.59100002,.597,.60299999,.60699999,.611,.61900002,.625,.63,.63800001,.64399999,.64999998,.653,.65499997,.66100001,.66500002,.667,.66900003,.671,.67299998,.676,.67400002,.67400002,.67400002,.671,.67199999,.67000002,.67000002,.67199999,.67299998,.67500001,.67699999,.68199998,.68599999,.68900001,.69700003,.704,.71100003,.71799999,.72799999,.73299998,.741,.74599999,.75099999,.755,.755,.75400001,.74900001,.741,.73299998,.72399998,.713,.69599998,.67900002,.66500002,.64600003,.62599999,.60699999,.588,.56900001,.551,.53200001,.51599997,.50300002,.49000001,.477,.48800001,.48500001,.477,.465,.447,.42399999,.40099999,.377,.35100001,.324,.29499999,.278,.22,.17299999,.14300001,.12,.097999997,.074000001,.052000001,.035999998,.030999999,.026000001,.02,.013,.0089999996,.0060000001,.0040000002,.0020000001,.001,.0020000001
2094,.57200003,.57300001,.57499999,.57499999,.58099997,.58499998,.58899999,.59100002,.597,.60299999,.60699999,.611,.61900002,.62400001,.63,.63800001,.64399999,.64999998,.65200001,.65499997,.66100001,.66500002,.66600001,.667,.67000002,.67199999,.67500001,.67400002,.67400002,.67299998,.67000002,.671,.66900003,.66900003,.671,.67199999,.67400002,.676,.68199998,.685,.68800002,.69499999,.70200002,.70899999,.71600002,.72500002,.73100001,.73799998,.74299997,.74800003,.75099999,.75,.74900001,.74400002,.736,.727,.71700001,.70599997,.68800002,.671,.65600002,.63700002,.61500001,.59600002,.57700002,.55800003,.53899997,.51899999,.50300002,.48800001,.47499999,.46000001,.46900001,.46399999,.454,.44100001,.42199999,.398,.37400001,.34900001,.32300001,.294,.266,.24699999,.19499999,.15000001,.123,.102,.082000002,.061000001,.041000001,.028999999,.023,.02,.014,.0099999998,.0060000001,.0040000002,.0020000001,.001,.001
2095,.56900001,.57099998,.57300001,.57300001,.57499999,.58099997,.58499998,.58899999,.59100002,.597,.60299999,.60699999,.611,.61900002,.62400001,.63,.63800001,.64399999,.64999998,.65200001,.65499997,.66000003,.66500002,.66500002,.667,.66900003,.67199999,.67400002,.67199999,.67299998,.67199999,.66900003,.671,.66900003,.66799998,.67000002,.67000002,.67199999,.67500001,.68000001,.68400002,.68699998,.69400001,.69999999,.70700002,.71399999,.72299999,.72799999,.73500001,.74000001,.74400002,.74699998,.745,.74400002,.73900002,.73000002,.72000003,.70999998,.699,.68000001,.662,.64700001,.62699997,.60500002,.58499998,.56599998,.54500002,.52600002,.505,.48800001,.47299999,.458,.442,.44800001,.442,.43099999,.41600001,.396,.37099999,.347,.31999999,.294,.266,.237,.21799999,.17,.13,.104,.085000001,.068000004,.048999999,.033,.022,.017999999,.014,.0099999998,.0070000002,.0040000002,.0020000001,.001,.001
2096,.565,.56900001,.57099998,.57099998,.57300001,.57499999,.579,.58499998,.588,.59100002,.597,.60299999,.60699999,.611,.61799997,.62400001,.63,.63700002,.64300001,.64899999,.65100002,.653,.65899998,.66299999,.66500002,.66600001,.66799998,.67000002,.67400002,.67199999,.67199999,.671,.66900003,.67000002,.667,.66799998,.67000002,.67000002,.671,.67299998,.67900002,.68300003,.68400002,.69199997,.69800001,.70499998,.71100003,.72000003,.72500002,.73199999,.73699999,.74000001,.74299997,.741,.73900002,.73299998,.72299999,.713,.70300001,.69,.67199999,.653,.63800001,.61699998,.59399998,.57300001,.55299997,.53200001,.51099998,.49000001,.47299999,.45699999,.44100001,.42399999,.428,.41999999,.40700001,.391,.37,.345,.31900001,.292,.266,.237,.20999999,.189,.146,.11,.086999997,.07,.054000001,.039000001,.026000001,.017999999,.013,.0099999998,.0080000004,.0049999999,.003,.001,.0020000001
2097,.56300002,.565,.56900001,.57099998,.57099998,.57300001,.57499999,.579,.58499998,.588,.59100002,.597,.60299999,.60699999,.611,.61799997,.62400001,.62900001,.63700002,.64300001,.64899999,.65100002,.653,.65899998,.66299999,.66399997,.66600001,.66799998,.67000002,.67400002,.671,.671,.671,.667,.66900003,.66600001,.66600001,.66799998,.66799998,.67000002,.67299998,.67699999,.68099999,.68300003,.69,.69700003,.70200002,.70899999,.71700001,.722,.72899997,.73199999,.73500001,.73699999,.73500001,.73299998,.72600001,.71600002,.70499998,.69400001,.68199998,.66100001,.64399999,.62699997,.60600001,.583,.56099999,.53899997,.51800001,.49700001,.47499999,.456,.43900001,.42199999,.405,.40700001,.39700001,.382,.36500001,.34299999,.317,.28999999,.264,.237,.20999999,.183,.163,.124,.093000002,.071999997,.057,.044,.029999999,.02,.013,.0099999998,.0080000004,.0049999999,.0040000002,.0020000001,.0020000001
2098,.56099999,.56300002,.56400001,.56699997,.56999999,.57099998,.57300001,.57499999,.579,.58399999,.58700001,.59100002,.597,.60100001,.60699999,.611,.61799997,.62300003,.62900001,.63700002,.64300001,.64899999,.65100002,.653,.65799999,.662,.66399997,.66600001,.66799998,.67000002,.67299998,.671,.671,.67000002,.667,.66799998,.66600001,.66500002,.667,.667,.66900003,.671,.676,.67900002,.68099999,.68800002,.69400001,.69999999,.70499998,.71399999,.71700001,.72399998,.72799999,.73100001,.73199999,.73000002,.72600001,.71899998,.70899999,.69800001,.68599999,.67199999,.65200001,.63300002,.616,.59399998,.56999999,.54799998,.52600002,.50300002,.48199999,.45899999,.43900001,.42199999,.403,.384,.38499999,.373,.35699999,.33899999,.315,.28999999,.26199999,.236,.20999999,.183,.15800001,.139,.104,.077,.057999998,.046,.034000002,.023,.015,.0089999996,.0060000001,.0049999999,.0040000002,.0020000001,.0020000001
2099,.56300002,.56099999,.56199998,.56400001,.56699997,.56999999,.57099998,.57300001,.57499999,.579,.58399999,.58700001,.59100002,.597,.60100001,.60600001,.611,.61699998,.62300003,.62900001,.63700002,.64200002,.648,.64999998,.65200001,.65799999,.662,.66299999,.66399997,.667,.66900003,.67199999,.66900003,.66900003,.66900003,.66600001,.66799998,.66399997,.66399997,.66600001,.66500002,.667,.67000002,.67400002,.67699999,.67900002,.68599999,.69099998,.69700003,.70200002,.70899999,.71399999,.72000003,.72299999,.72500002,.727,.72299999,.72000003,.713,.70099998,.68900001,.67699999,.662,.64200002,.62199998,.60399997,.58099997,.55699998,.53399998,.51200002,.48800001,.465,.442,.42199999,.403,.38299999,.36399999,.36199999,.34900001,.33199999,.31200001,.28799999,.26199999,.236,.20900001,.183,.15899999,.134,.116,.086999997,.061999999,.046,.035,.026000001,.017999999,.0099999998,.0070000002,.0049999999,.0040000002,.0020000001,.0020000001
2100,.55699998,.56099999,.56099999,.56199998,.56300002,.56699997,.56900001,.57099998,.57300001,.57499999,.579,.58399999,.58700001,.59100002,.597,.60100001,.60500002,.60900003,.61699998,.62300003,.62900001,.63499999,.64099997,.64700001,.64899999,.65200001,.65799999,.662,.662,.66399997,.66600001,.66799998,.671,.66900003,.66900003,.66799998,.66500002,.66600001,.66299999,.66299999,.66500002,.66399997,.66600001,.66799998,.67299998,.67500001,.676,.68300003,.68900001,.69400001,.699,.70599997,.70999998,.71499997,.71799999,.72000003,.72000003,.71700001,.713,.704,.69199997,.68000001,.667,.65200001,.63099998,.61000001,.59100002,.56800002,.54299998,.51899999,.495,.472,.44800001,.42399999,.403,.38299999,.36300001,.34299999,.338,.324,.30599999,.285,.26100001,.234,.20900001,.183,.15899999,.13500001,.113,.096000001,.07,.050000001,.035999998,.027000001,.018999999,.013,.0080000004,.0049999999,.0040000002,.0020000001,.0020000001
2101,.55299997,.55699998,.56099999,.56,.56099999,.56300002,.56699997,.56900001,.57099998,.57300001,.574,.579,.583,.58700001,.59100002,.597,.60100001,.60500002,.60900003,.61699998,.62300003,.62800002,.63499999,.64099997,.64700001,.648,.65100002,.65600002,.66000003,.662,.66299999,.66500002,.667,.671,.66799998,.66799998,.66799998,.66399997,.66500002,.66299999,.662,.66299999,.66299999,.66399997,.66500002,.67000002,.67299998,.67500001,.68099999,.68599999,.69099998,.69599998,.70200002,.70499998,.71100003,.713,.71399999,.71399999,.70899999,.70499998,.69599998,.68300003,.67000002,.65600002,.64099997,.61900002,.597,.57800001,.55400002,.528,.50400001,.47999999,.45500001,.43099999,.405,.38299999,.36300001,.34200001,.31999999,.31400001,.29899999,.28,.25799999,.234,.208,.183,.15899999,.13500001,.114,.093999997,.078000002,.056000002,.039999999,.028000001,.021,.014,.0099999998,.0049999999,.0040000002,.0020000001,.0020000001
